City_ID,City,Country,Lat,Lng,Max Temp,Humidity,Cloudiness,Wind Speed,Current Description
0,mataura,NZ,-46.19,168.86,48.99,97,17,5.99,few clouds
1,sechura,PE,-5.56,-80.82,74.26,56,33,16.11,scattered clouds
2,dikson,RU,73.51,80.55,33.17,91,100,25.52,overcast clouds
3,usinsk,RU,65.99,57.53,30.6,96,84,11.23,broken clouds
4,jablanica,BA,43.66,17.76,64.4,48,20,2.24,few clouds
5,ucluelet,CA,48.93,-125.55,61.0,100,90,4.7,overcast clouds
6,ostrovnoy,RU,68.05,39.51,43.12,88,1,18.68,clear sky
7,port elizabeth,ZA,-33.92,25.57,64.4,88,75,14.99,broken clouds
8,hermanus,ZA,-34.42,19.23,62.01,88,0,1.01,clear sky
9,torbay,CA,47.67,-52.73,51.01,81,90,11.41,overcast clouds
10,guerrero negro,MX,27.98,-114.06,93.38,21,0,7.92,clear sky
11,busselton,AU,-33.65,115.33,44.01,59,0,10.0,clear sky
12,belaya gora,RU,68.53,146.42,29.21,82,97,5.32,overcast clouds
13,caala,AO,-12.85,15.56,70.12,47,37,0.98,scattered clouds
14,clyde river,CA,70.47,-68.59,28.4,86,75,12.75,broken clouds
15,punta arenas,CL,-53.15,-70.92,53.6,54,75,28.86,broken clouds
16,bluff,NZ,-46.6,168.33,48.99,97,72,5.99,broken clouds
17,dareda,TZ,-4.22,35.55,64.04,46,6,5.14,clear sky
18,port alfred,ZA,-33.59,26.89,66.63,80,2,21.18,clear sky
19,saint-philippe,RE,-21.36,55.77,73.4,73,75,11.41,broken clouds
20,jamestown,US,42.1,-79.24,61.0,50,75,9.17,broken clouds
21,tocopilla,CL,-22.09,-70.2,67.55,48,40,13.0,scattered clouds
22,ushuaia,AR,-54.8,-68.3,53.6,46,40,19.46,scattered clouds
23,rio gallegos,AR,-51.62,-69.22,57.2,41,75,17.22,broken clouds
24,albany,US,42.6,-73.97,64.0,62,75,3.36,broken clouds
25,zhuanghe,CN,39.7,122.99,45.0,72,0,7.61,clear sky
26,san quintin,MX,30.48,-115.95,89.82,23,34,8.5,scattered clouds
27,kaitangata,NZ,-46.28,169.85,46.0,94,100,1.01,overcast clouds
28,nueva gerona,CU,21.88,-82.8,85.95,74,95,18.75,overcast clouds
29,yumen,CN,40.28,97.2,36.36,67,0,6.38,clear sky
30,plouzane,FR,48.38,-4.62,55.4,81,75,16.11,broken clouds
31,bambous virieux,MU,-20.34,57.76,75.0,83,40,8.05,scattered clouds
32,hobart,AU,-42.88,147.33,44.6,93,90,4.7,moderate rain
33,san antonio,US,29.42,-98.49,87.01,45,1,3.36,clear sky
34,sarangani,PH,5.4,125.46,84.56,74,100,12.03,overcast clouds
35,puerto ayora,EC,-0.74,-90.35,77.0,57,49,20.8,scattered clouds
36,beian,NO,63.66,9.57,59.0,67,75,23.04,broken clouds
37,mareeba,AU,-17.0,145.43,71.6,73,100,8.05,overcast clouds
38,hilo,US,19.73,-155.09,78.8,54,1,3.36,clear sky
39,nikolskoye,RU,59.7,30.79,52.0,81,40,11.18,light intensity shower rain
40,san ignacio,BZ,17.16,-89.07,84.99,65,40,11.41,scattered clouds
41,kaeo,NZ,-35.1,173.78,50.0,93,0,1.74,clear sky
42,atuona,PF,-9.8,-139.03,77.54,75,0,18.19,clear sky
43,ribeira grande,PT,38.52,-28.7,73.4,69,40,11.41,scattered clouds
44,new norfolk,AU,-42.78,147.06,44.01,91,100,1.99,light rain
45,ler,SS,8.3,30.14,73.09,87,94,3.0,overcast clouds
46,souillac,MU,-20.52,57.52,73.4,83,40,8.05,scattered clouds
47,kovdor,RU,67.57,30.48,38.84,97,12,3.31,few clouds
48,denpasar,ID,-8.65,115.22,80.6,100,40,5.82,scattered clouds
49,vaini,TO,-21.2,-175.2,71.6,94,90,12.75,light intensity shower rain
50,rikitea,PF,-23.12,-134.97,73.45,76,0,14.92,clear sky
51,arraial do cabo,BR,-22.97,-42.03,75.2,78,90,8.05,overcast clouds
52,si sa ket,TH,15.11,104.33,80.01,86,92,3.04,moderate rain
53,kiomboi,TZ,-4.27,34.37,73.56,21,0,9.26,clear sky
54,fortuna,US,40.6,-124.16,55.4,100,90,3.36,overcast clouds
55,half moon bay,US,37.46,-122.43,75.0,87,20,14.99,haze
56,saint-jean-port-joli,CA,47.22,-70.27,50.0,65,6,10.0,clear sky
57,coquimbo,CL,-29.95,-71.34,62.6,42,97,13.87,overcast clouds
58,ahipara,NZ,-35.17,173.17,53.51,81,0,3.04,clear sky
59,paamiut,GL,61.99,-49.67,34.05,85,26,12.93,scattered clouds
60,smolenka,RU,52.14,113.5,26.6,86,0,6.71,clear sky
61,bud,US,39.45,-86.18,52.0,76,90,5.82,overcast clouds
62,mar del plata,AR,-38.0,-57.56,51.01,70,100,10.29,light rain
63,yulara,AU,-25.24,130.99,53.6,76,90,17.22,overcast clouds
64,aswan,EG,24.09,32.91,88.97,12,0,8.72,clear sky
65,butaritari,KI,3.07,172.79,79.43,77,100,4.12,overcast clouds
66,bonthe,SL,7.53,-12.51,76.5,89,99,8.1,light rain
67,baykit,RU,61.67,96.37,41.88,88,100,5.88,light rain
68,ponta do sol,PT,32.67,-17.1,71.6,73,75,10.29,broken clouds
69,beringovskiy,RU,63.05,179.32,32.92,88,95,12.8,overcast clouds
70,geraldton,AU,-28.77,114.6,46.4,87,0,8.05,clear sky
71,khatanga,RU,71.97,102.5,21.97,97,100,18.99,light snow
72,groningen,NL,53.25,6.75,53.6,71,0,11.41,clear sky
73,saskylakh,RU,71.92,114.08,20.41,95,100,9.78,overcast clouds
74,batemans bay,AU,-35.72,150.18,63.0,82,0,6.85,clear sky
75,makakilo city,US,21.35,-158.09,80.6,65,1,4.7,clear sky
76,bredasdorp,ZA,-34.53,20.04,59.0,87,0,2.24,clear sky
77,grand gaube,MU,-20.01,57.66,75.0,73,12,1.99,few clouds
78,sinazongwe,ZM,-17.26,27.46,84.42,33,0,4.05,clear sky
79,srednekolymsk,RU,67.45,153.68,28.78,88,100,4.25,overcast clouds
80,salamiyah,SY,35.01,37.05,65.03,79,0,7.16,clear sky
81,mujiayingzi,CN,42.12,118.78,38.1,72,0,9.71,clear sky
82,noshiro,JP,40.2,140.02,64.24,89,100,18.68,light rain
83,tuktoyaktuk,CA,69.45,-133.04,35.6,100,90,17.22,mist
84,sitka,US,57.05,-135.33,53.6,71,90,20.8,light rain
85,cape town,ZA,-33.93,18.42,64.0,82,0,6.93,clear sky
86,bereda,ES,43.27,-7.54,55.99,99,78,3.0,light rain
87,poum,NC,-20.23,164.02,71.04,78,0,16.49,clear sky
88,mecca,SA,21.43,39.83,80.69,69,0,0.54,clear sky
89,barrow,US,71.29,-156.79,33.8,86,90,9.17,overcast clouds
90,alofi,NU,-19.06,-169.92,75.2,88,100,12.75,light rain
91,lorengau,PG,-2.02,147.27,82.29,77,23,8.28,few clouds
92,leningradskiy,RU,69.38,178.42,27.73,95,99,12.24,overcast clouds
93,esperance,AU,-33.87,121.9,48.2,93,75,9.17,broken clouds
94,richards bay,ZA,-28.78,32.04,68.77,90,100,11.54,light rain
95,tiksi,RU,71.69,128.87,22.03,95,59,16.87,broken clouds
96,saint-augustin,CA,51.23,-58.65,46.4,67,100,7.47,overcast clouds
97,nanortalik,GL,60.14,-45.24,35.71,83,3,8.84,clear sky
98,saint-joseph,RE,-21.37,55.62,73.4,73,75,11.41,broken clouds
99,alice springs,AU,-23.7,133.88,57.2,93,90,12.75,light rain
100,kapaa,US,22.08,-159.32,82.4,69,40,12.75,scattered clouds
101,at-bashi,KG,41.17,75.81,43.02,54,100,0.07,overcast clouds
102,baraboo,US,43.47,-89.74,52.0,49,1,5.82,clear sky
103,kruisfontein,ZA,-34.0,24.73,64.0,83,0,7.05,clear sky
104,uyuni,BO,-20.46,-66.83,65.03,28,1,11.21,clear sky
105,lagoa,PT,39.05,-27.98,69.12,84,0,9.84,clear sky
106,mahebourg,MU,-20.41,57.7,73.4,83,40,8.05,scattered clouds
107,poya,NC,-21.35,165.15,65.39,84,32,6.8,scattered clouds
108,oussouye,SN,12.48,-16.55,87.8,74,20,4.7,few clouds
109,elliot,ZA,-31.33,27.85,53.37,86,21,4.41,few clouds
110,comodoro rivadavia,AR,-45.87,-67.5,71.6,13,0,17.22,clear sky
111,east london,ZA,-33.02,27.91,66.2,88,75,13.87,broken clouds
112,ketchikan,US,55.34,-131.65,53.6,93,90,11.41,overcast clouds
113,georgetown,MY,5.41,100.34,80.6,88,20,2.21,few clouds
114,sorland,NO,67.67,12.69,53.6,81,84,19.46,broken clouds
115,avarua,CK,-21.21,-159.78,71.6,88,100,6.93,light rain
116,chuy,UY,-33.7,-53.46,56.53,75,100,15.9,overcast clouds
117,carnarvon,AU,-24.87,113.63,60.8,67,0,18.34,clear sky
118,sangar,RU,63.92,127.47,30.22,99,92,1.25,overcast clouds
119,asosa,ET,10.07,34.53,62.28,83,100,2.51,overcast clouds
120,sangareddi,IN,17.63,78.09,78.01,58,100,4.59,overcast clouds
121,san patricio,MX,19.22,-104.7,89.6,75,20,11.41,few clouds
122,provideniya,RU,64.38,-173.3,33.57,87,27,7.65,scattered clouds
123,esmeralda,CU,21.85,-78.12,89.6,59,40,8.05,scattered clouds
124,tessalit,ML,20.2,1.01,93.54,24,49,1.72,scattered clouds
125,najran,SA,17.49,44.13,77.0,22,0,2.24,clear sky
126,dunboyne,IE,53.4,-6.47,51.8,100,75,2.24,broken clouds
127,keflavik,IS,64.0,-22.56,44.6,80,40,6.93,scattered clouds
128,norman wells,CA,65.28,-126.83,48.2,81,90,6.93,overcast clouds
129,xining,CN,36.62,101.77,41.68,62,100,1.9,overcast clouds
130,itaituba,BR,-4.28,-55.98,100.4,30,87,3.2,overcast clouds
131,maceio,BR,-9.67,-35.74,80.6,65,40,12.75,scattered clouds
132,cabo san lucas,MX,22.89,-109.91,91.4,52,5,8.05,clear sky
133,gazanjyk,TM,39.24,55.52,62.58,27,63,10.85,broken clouds
134,college,US,64.86,-147.8,46.99,80,75,2.24,broken clouds
135,acatlan,MX,20.15,-98.45,65.01,29,0,10.96,clear sky
136,cherskiy,RU,68.75,161.3,26.26,94,99,8.3,overcast clouds
137,lebu,CL,-37.62,-73.65,52.48,75,7,14.54,clear sky
138,yelizovo,RU,53.19,158.38,42.8,100,90,6.71,light intensity shower rain
139,thompson,CA,55.74,-97.86,44.6,93,90,9.17,light rain
140,moron,AR,-34.65,-58.62,60.01,63,100,5.99,overcast clouds
141,san pedro buenavista,MX,16.08,-93.12,80.6,57,40,12.75,scattered clouds
142,fairbanks,US,64.84,-147.72,46.99,93,1,3.36,clear sky
143,halkirk,CA,52.28,-112.15,62.01,62,100,1.01,overcast clouds
144,parabel,RU,58.7,81.48,29.32,97,1,7.99,clear sky
145,noyabrsk,RU,63.2,75.45,30.2,99,100,12.64,overcast clouds
146,ust-ilimsk,RU,58.0,102.66,34.18,91,68,4.47,broken clouds
147,bundaberg,AU,-24.85,152.35,68.0,68,0,10.29,clear sky
148,san cristobal,VE,7.77,-72.22,93.2,44,40,9.17,scattered clouds
149,isangel,VU,-19.55,169.27,69.73,76,10,7.18,clear sky
150,egvekinot,RU,66.32,-179.17,27.32,89,77,7.49,broken clouds
151,husavik,IS,66.04,-17.34,42.8,93,75,5.82,broken clouds
152,rancho palos verdes,US,33.74,-118.39,86.0,61,5,3.36,haze
153,sterling,US,39.01,-77.43,69.01,45,20,4.7,few clouds
154,kodiak,US,57.79,-152.41,48.2,87,90,19.46,moderate rain
155,orange cove,US,36.62,-119.31,87.01,42,1,3.36,haze
156,leh,IN,34.17,77.58,41.9,46,0,4.18,clear sky
157,hwange,ZW,-18.37,26.5,79.9,24,6,1.66,clear sky
158,methven,NZ,-43.63,171.65,51.51,59,100,10.63,overcast clouds
159,matagami,CA,49.75,-77.63,41.0,56,90,3.36,overcast clouds
160,hami,CN,42.8,93.45,52.77,35,0,4.99,clear sky
161,ughelli,NG,5.49,6.01,76.59,93,100,4.09,overcast clouds
162,talnakh,RU,69.49,88.4,30.2,100,75,13.42,light snow
163,lasa,IT,46.62,10.7,52.0,93,75,12.75,light rain
164,piacabucu,BR,-10.41,-36.43,79.29,72,97,11.23,overcast clouds
165,mweka,CD,-4.85,21.57,68.49,99,100,2.28,light rain
166,sao filipe,CV,14.9,-24.5,78.28,72,7,11.81,clear sky
167,edgewater,US,28.99,-80.9,78.8,88,90,6.93,overcast clouds
168,victoria,HK,22.29,114.16,82.99,84,45,1.97,light rain
169,nalut,LY,30.33,10.85,86.63,17,68,10.78,broken clouds
170,rio grande,BR,-32.03,-52.1,57.0,92,100,8.01,moderate rain
171,meulaboh,ID,4.14,96.13,77.04,83,100,5.88,heavy intensity rain
172,port hawkesbury,CA,45.62,-61.35,59.0,54,1,10.29,clear sky
173,hasaki,JP,35.73,140.83,68.0,94,75,3.36,broken clouds
174,santa cruz de la palma,ES,28.68,-17.76,71.6,88,75,10.29,drizzle
175,nouadhibou,MR,20.93,-17.03,78.8,57,0,19.46,clear sky
176,boca do acre,BR,-8.75,-67.4,85.28,61,100,4.14,overcast clouds
177,kununurra,AU,-15.77,128.73,80.6,78,75,1.12,broken clouds
178,sciacca,IT,37.51,13.09,70.0,42,0,1.01,clear sky
179,ranong,TH,9.97,98.63,78.89,84,6,6.51,light rain
180,faya,SA,18.39,42.45,66.2,72,0,1.23,clear sky
181,cervo,ES,43.67,-7.41,60.01,16,55,19.19,light rain
182,praia da vitoria,PT,38.73,-27.07,68.0,100,75,7.72,light rain
183,omboue,GA,-1.57,9.26,76.84,86,100,7.78,overcast clouds
184,codrington,AU,-38.27,141.97,45.59,92,100,10.8,light rain
185,bilecik,TR,40.0,30.17,68.0,51,0,5.82,clear sky
186,betioky,MG,-23.72,44.38,64.62,74,75,11.81,broken clouds
187,san policarpo,PH,12.18,125.51,78.28,88,100,4.09,overcast clouds
188,general roca,AR,-39.03,-67.58,46.4,65,75,3.36,broken clouds
189,bathsheba,BB,13.22,-59.52,87.8,70,40,12.75,scattered clouds
190,harper,LR,4.38,-7.72,77.38,82,19,8.99,few clouds
191,christchurch,NZ,-43.53,172.63,50.0,100,11,4.7,fog
192,qaanaaq,GL,77.48,-69.36,18.27,86,1,9.24,clear sky
193,chumikan,RU,54.72,135.31,38.44,72,100,8.16,overcast clouds
194,kabardinka,RU,44.65,37.94,62.6,72,40,4.47,mist
195,ozernovskiy,RU,51.5,156.52,49.91,89,100,6.6,overcast clouds
196,balaipungut,ID,1.05,101.28,78.8,88,100,1.19,overcast clouds
197,qaqortoq,GL,60.72,-46.03,39.2,55,0,3.36,clear sky
198,safakulevo,RU,54.99,62.54,33.1,88,52,5.99,broken clouds
199,trincomalee,LK,8.57,81.23,79.93,77,51,18.54,broken clouds
200,nyahururu,KE,0.04,36.37,56.07,62,8,6.33,clear sky
201,evensk,RU,61.95,159.23,36.73,92,56,2.48,broken clouds
202,labelle,US,26.76,-81.44,84.0,88,100,6.93,overcast clouds
203,hithadhoo,MV,-0.6,73.08,82.6,75,100,8.52,overcast clouds
204,kysyl-syr,RU,63.9,122.76,35.69,96,100,6.15,light rain
205,bandarbeyla,SO,9.49,50.81,78.71,83,28,10.13,scattered clouds
206,bayir,TR,37.27,28.22,73.4,53,1,4.7,clear sky
207,vao,NC,-22.67,167.48,69.67,83,37,21.54,scattered clouds
208,hovd,MN,48.01,91.64,36.54,73,0,0.85,clear sky
209,amboasary,MG,-25.03,46.38,68.0,82,40,11.41,scattered clouds
210,luganville,VU,-15.53,167.17,77.0,78,75,4.7,broken clouds
211,severo-kurilsk,RU,50.68,156.12,50.5,91,100,3.76,overcast clouds
212,osakarovka,KZ,50.56,72.57,34.93,85,100,13.15,overcast clouds
213,maltahohe,NA,-24.83,16.98,73.72,16,100,10.83,overcast clouds
214,lakes entrance,AU,-37.88,147.98,57.99,86,100,1.01,moderate rain
215,sibu,MY,2.3,111.82,75.2,94,40,1.77,moderate rain
216,yabelo,ET,4.88,38.08,65.71,67,86,1.54,overcast clouds
217,tandil,AR,-37.32,-59.13,47.44,80,100,10.78,light rain
218,lundazi,ZM,-12.29,33.18,70.56,40,1,6.55,clear sky
219,vestmannaeyjar,IS,63.44,-20.27,42.8,81,0,11.41,clear sky
220,aracaju,BR,-10.91,-37.07,84.2,54,20,11.41,few clouds
221,naryan-mar,RU,67.67,53.09,38.68,86,100,15.39,overcast clouds
222,kupang,ID,-10.17,123.58,74.5,78,66,5.37,broken clouds
223,zatoka,UA,46.07,30.47,66.2,88,25,8.95,scattered clouds
224,yellowknife,CA,62.46,-114.35,43.0,100,90,9.17,mist
225,naze,JP,28.37,129.48,77.0,83,0,9.17,clear sky
226,castro,BR,-24.79,-50.01,76.17,57,0,10.27,clear sky
227,quatre cocos,MU,-20.21,57.76,75.0,83,40,8.05,scattered clouds
228,saldanha,ZA,-33.01,17.94,60.8,72,0,5.82,clear sky
229,tasiilaq,GL,65.61,-37.64,28.2,82,21,2.71,few clouds
230,bilibino,RU,68.05,166.44,22.03,96,96,2.53,overcast clouds
231,beloha,MG,-25.17,45.05,63.95,74,11,13.76,few clouds
232,sinnamary,GF,5.38,-52.95,85.6,67,27,9.91,scattered clouds
233,qandala,SO,11.47,49.87,83.89,56,3,5.41,clear sky
234,malakal,SS,9.53,31.66,74.68,80,77,1.59,broken clouds
235,zhangye,CN,38.93,100.45,44.78,52,100,1.99,overcast clouds
236,mizdah,LY,31.45,12.98,89.55,12,78,13.76,broken clouds
237,yar-sale,RU,66.83,70.83,36.75,84,100,16.51,overcast clouds
238,faanui,PF,-16.48,-151.75,77.72,78,100,15.79,overcast clouds
239,gigmoto,PH,13.78,124.39,80.33,79,3,2.68,clear sky
240,narsaq,GL,60.92,-46.05,39.2,55,0,3.36,clear sky
241,merauke,ID,-8.47,140.33,78.1,84,99,16.17,overcast clouds
242,kavaratti,IN,10.57,72.64,80.89,70,89,10.85,overcast clouds
243,kirkenes,NO,69.73,30.05,44.6,87,0,14.99,clear sky
244,sioux lookout,CA,50.1,-91.92,51.8,50,40,13.87,scattered clouds
245,kharitonovo,RU,61.4,47.5,34.25,90,0,4.34,clear sky
246,buchanan,LR,5.88,-10.05,80.6,83,75,5.82,broken clouds
247,kidal,ML,18.44,1.41,96.75,20,66,8.12,broken clouds
248,stornoway,GB,58.21,-6.39,54.0,100,100,18.34,light rain
249,namibe,AO,-15.2,12.15,65.68,70,90,3.69,overcast clouds
250,bar harbor,US,44.39,-68.2,54.0,81,90,5.82,light rain
251,ilulissat,GL,69.22,-51.1,30.2,54,27,2.84,scattered clouds
252,longyearbyen,SJ,78.22,15.64,35.6,93,75,3.36,light rain
253,jalpaiguri,IN,26.52,88.73,77.68,89,74,4.74,broken clouds
254,san luis,AR,-33.3,-66.34,57.4,39,64,5.06,broken clouds
255,banff,CA,51.18,-115.57,63.0,49,100,7.0,overcast clouds
256,asau,RO,46.43,26.4,60.01,98,5,3.74,clear sky
257,awbari,LY,26.59,12.78,90.3,13,99,10.71,overcast clouds
258,sur,OM,22.57,59.53,82.08,59,0,7.87,clear sky
259,boueni,YT,-12.9,45.08,78.8,78,70,6.93,broken clouds
260,brae,GB,60.4,-1.35,53.6,100,75,13.87,light rain
261,coihaique,CL,-45.58,-72.07,57.2,33,67,9.17,broken clouds
262,port hedland,AU,-20.32,118.57,68.0,19,37,9.17,scattered clouds
263,nome,US,64.5,-165.41,39.99,86,90,9.17,light rain
264,pedernales,DO,18.04,-71.74,82.4,78,75,18.34,broken clouds
265,zyryanka,RU,65.75,150.85,28.2,92,45,5.66,scattered clouds
266,sonoita,MX,31.85,-112.83,99.0,10,0,1.72,clear sky
267,novi pazar,RS,43.14,20.51,62.02,79,0,1.99,clear sky
268,linkoping,SE,58.41,15.62,59.0,93,100,11.41,overcast clouds
269,chagoda,RU,59.16,35.33,55.83,69,100,10.02,light rain
270,yima,CN,34.74,111.88,60.01,99,100,4.72,light rain
271,oxapampa,PE,-10.58,-75.4,66.42,62,74,3.6,broken clouds
272,udachnyy,RU,66.42,112.4,33.8,93,90,6.71,overcast clouds
273,grindavik,IS,63.84,-22.43,41.0,80,40,6.93,scattered clouds
274,airai,TL,-8.93,125.41,57.36,71,99,1.72,overcast clouds
275,pangnirtung,CA,66.15,-65.71,33.8,74,90,3.11,overcast clouds
276,avera,US,33.19,-82.53,70.0,49,1,8.05,clear sky
277,taltal,CL,-25.4,-70.48,65.21,53,23,9.91,few clouds
278,bengkulu,ID,-3.8,102.27,76.28,89,100,9.93,light rain
279,tromso,NO,69.65,18.96,42.8,81,0,33.33,clear sky
280,aykhal,RU,66.0,111.5,33.8,92,90,6.71,overcast clouds
281,wajir,KE,1.75,40.06,83.59,52,43,18.48,scattered clouds
282,karratha,AU,-20.74,116.85,62.92,28,6,18.95,clear sky
283,sekoma,BW,-24.4,23.88,76.48,16,95,9.62,overcast clouds
284,tazovskiy,RU,67.47,78.7,34.25,97,100,15.46,overcast clouds
285,saint george,US,37.1,-113.58,73.4,11,1,1.68,clear sky
286,vallenar,CL,-28.57,-70.76,81.07,16,100,7.52,overcast clouds
287,sfantu gheorghe,RO,45.87,25.78,64.0,68,6,1.99,clear sky
288,ayios nikolaos,GR,38.42,23.65,73.4,78,75,3.36,broken clouds
289,tonstad,NO,58.66,6.72,57.0,79,100,3.0,overcast clouds
290,banjar,ID,-8.19,114.97,80.6,100,40,5.82,light rain
291,turukhansk,RU,65.82,87.98,34.09,96,100,7.02,overcast clouds
292,juegang,CN,32.32,121.19,61.45,73,23,13.51,light rain
293,svetlogorsk,BY,52.63,29.73,63.37,66,100,15.57,light rain
294,lac du bonnet,CA,50.25,-96.06,57.0,93,100,8.99,overcast clouds
295,gat,IL,31.61,34.76,78.01,100,0,1.01,clear sky
296,fuling,CN,29.7,107.39,62.92,91,100,1.83,light rain
297,jensen beach,US,27.25,-80.23,84.99,74,75,11.41,broken clouds
298,novikovo,RU,51.15,37.89,55.02,39,0,9.75,clear sky
299,goderich,CA,43.75,-81.72,54.0,57,96,3.0,overcast clouds
300,kenai,US,60.55,-151.26,45.0,81,1,12.75,clear sky
301,te anau,NZ,-45.42,167.72,50.47,86,71,9.6,heavy intensity rain
302,chapais,CA,49.78,-74.85,33.8,100,90,3.36,light snow
303,mindelo,CV,16.89,-24.98,84.2,51,20,24.16,few clouds
304,chara,RU,56.91,118.26,28.27,85,0,1.39,clear sky
305,gobabis,NA,-22.45,18.97,76.8,17,100,1.99,overcast clouds
306,mangrol,IN,21.12,70.12,80.4,80,0,9.26,clear sky
307,grafton,US,42.21,-71.69,68.0,41,1,3.36,clear sky
308,portland,US,45.52,-122.68,60.8,82,90,5.82,overcast clouds
309,qarqin,AF,37.42,66.04,62.92,27,0,6.24,clear sky
310,lipin bor,RU,60.26,37.98,51.06,87,100,11.97,overcast clouds
311,ambon,ID,-3.7,128.18,75.99,16,75,6.33,broken clouds
312,anadyr,RU,64.75,177.48,30.2,86,75,4.47,light snow
313,patiya,BD,22.29,91.98,76.77,95,99,4.61,light rain
314,manaure,CO,11.78,-72.44,84.58,70,100,13.73,overcast clouds
315,chivay,PE,-15.64,-71.6,59.45,36,99,5.28,light rain
316,moore,US,35.34,-97.49,70.0,45,1,6.93,clear sky
317,akdepe,TM,42.06,59.38,53.6,50,0,4.7,clear sky
318,bubaque,GW,11.28,-15.83,82.08,80,100,13.94,overcast clouds
319,inuvik,CA,68.35,-133.72,39.2,93,75,5.82,broken clouds
320,arica,CL,-18.48,-70.3,64.99,68,3,13.87,clear sky
321,sussex,US,41.18,-74.67,66.0,48,20,3.36,few clouds
322,san rafael,AR,-34.62,-68.33,52.3,54,54,14.81,broken clouds
323,san jose,US,37.34,-121.89,84.0,60,40,4.7,haze
324,powell,US,40.16,-83.08,66.99,42,75,5.82,broken clouds
325,reconquista,AR,-29.15,-59.65,63.18,72,100,7.96,overcast clouds
326,farah,AF,32.5,62.5,56.41,37,0,4.0,clear sky
327,winsum,NL,53.33,6.52,53.6,71,0,11.41,clear sky
328,khorixas,NA,-20.37,14.97,67.08,29,0,8.01,clear sky
329,lompoc,US,34.64,-120.46,78.8,44,1,4.7,clear sky
330,newcastleton,GB,55.18,-2.81,50.0,93,100,6.93,light rain
331,flinders,AU,-34.58,150.86,62.01,86,0,10.0,clear sky
332,phaltan,IN,17.98,74.43,75.07,78,93,5.73,overcast clouds
333,la ronge,CA,55.1,-105.28,62.6,55,75,11.41,broken clouds
334,port hardy,CA,50.7,-127.42,57.2,93,75,6.93,broken clouds
335,necochea,AR,-38.55,-58.74,46.0,80,100,4.0,moderate rain
336,tuatapere,NZ,-46.13,167.68,48.99,97,91,5.99,overcast clouds
337,tilichiki,RU,60.47,166.1,29.5,93,54,3.71,broken clouds
338,cidreira,BR,-30.18,-50.21,59.5,85,100,25.12,overcast clouds
339,slave lake,CA,55.28,-114.77,62.6,55,75,19.46,broken clouds
340,rorvik,NO,64.86,11.24,57.2,67,40,18.34,scattered clouds
341,northam,GB,51.03,-4.22,53.01,98,100,5.99,overcast clouds
342,dunedin,NZ,-45.87,170.5,51.01,82,56,8.01,broken clouds
343,key largo,US,25.09,-80.45,87.01,1,100,8.99,overcast clouds
344,bethel,US,41.37,-73.41,66.0,39,20,9.17,few clouds
345,mariel,CU,22.99,-82.75,86.0,84,75,8.05,broken clouds
346,mariental,NA,-24.63,17.97,78.6,17,100,6.89,overcast clouds
347,pevek,RU,69.7,170.31,31.86,91,63,10.89,broken clouds
348,broome,US,42.25,-75.83,62.01,45,100,1.99,overcast clouds
349,katsuura,JP,35.13,140.3,75.2,73,31,17.22,scattered clouds
350,ornskoldsvik,SE,63.29,18.72,55.4,76,90,10.29,overcast clouds
351,maragogi,BR,-9.01,-35.22,78.08,75,100,10.25,overcast clouds
352,gamba,GA,-2.65,10.0,76.84,86,100,5.97,overcast clouds
353,aksarka,RU,66.56,67.8,35.42,86,100,14.83,overcast clouds
354,port macquarie,AU,-31.43,152.92,54.0,95,4,12.5,clear sky
355,sakakah,SA,29.97,40.21,82.4,23,0,13.87,clear sky
356,tura,IN,25.52,90.22,75.06,88,16,1.9,few clouds
357,challapata,BO,-18.9,-66.77,55.45,47,48,6.87,light rain
358,inverell,AU,-29.78,151.12,51.01,91,0,3.02,clear sky
359,conceicao da barra,BR,-18.59,-39.73,81.1,64,85,7.23,overcast clouds
360,mayumba,GA,-3.43,10.66,77.11,86,100,5.1,light rain
361,waitati,NZ,-45.75,170.57,51.01,86,97,7.0,overcast clouds
362,pacific grove,US,36.62,-121.92,71.6,87,40,4.7,scattered clouds
363,hede,CN,33.77,120.25,52.93,73,0,5.86,light rain
364,kahului,US,20.89,-156.47,80.6,54,20,10.33,few clouds
365,laon,FR,49.57,3.67,51.8,87,100,10.29,overcast clouds
366,kayerkan,RU,69.35,87.76,30.2,100,75,13.42,light snow
367,menongue,AO,-14.66,17.69,78.42,26,96,6.04,overcast clouds
368,aklavik,CA,68.22,-135.01,41.0,93,75,2.24,broken clouds
369,axim,GH,4.87,-2.24,76.57,87,44,7.16,scattered clouds
370,ramshir,IR,30.89,49.41,87.8,48,0,2.66,clear sky
371,siverek,TR,37.76,39.32,71.6,21,0,6.93,clear sky
372,samarai,PG,-10.62,150.67,78.4,85,78,17.65,moderate rain
373,haimen,CN,23.19,116.61,80.6,83,20,6.71,few clouds
374,waipawa,NZ,-41.41,175.52,55.99,87,35,21.92,scattered clouds
375,valdez,EC,1.25,-78.98,77.94,77,26,10.29,scattered clouds
376,vila,PT,42.03,-8.16,52.0,85,65,5.01,broken clouds
377,griffith,US,41.53,-87.42,53.01,57,75,8.05,broken clouds
378,qui nhon,VN,13.77,109.23,78.85,83,100,6.22,light rain
379,el estor,GT,15.53,-89.35,86.14,48,100,2.84,overcast clouds
380,coari,BR,-4.08,-63.14,90.68,51,100,1.97,heavy intensity rain
381,luanda,AO,-8.84,13.23,75.2,83,40,9.17,scattered clouds
382,derzhavinsk,KZ,51.1,66.32,36.77,76,0,13.49,clear sky
383,lata,PT,40.16,-8.33,59.0,73,59,4.0,broken clouds
384,vanimo,PG,-2.67,141.3,77.25,86,99,3.18,overcast clouds
385,ixtapa,MX,20.7,-105.2,90.0,55,5,5.82,clear sky
386,yermakovskoye,RU,53.28,92.4,36.14,82,84,2.59,broken clouds
387,margate,GB,51.38,1.39,53.01,96,100,5.01,light rain
388,west bay,KY,19.37,-81.42,87.01,79,20,10.29,few clouds
389,roma,US,43.21,-75.46,62.6,48,1,8.05,clear sky
390,shuangyang,CN,43.52,125.67,44.6,81,40,13.42,scattered clouds
391,estepa,ES,37.29,-4.88,69.8,56,100,10.29,overcast clouds
392,nanakuli,US,21.39,-158.15,80.6,65,1,4.7,clear sky
393,kamenka,RU,51.32,42.77,52.0,62,0,7.23,clear sky
394,sisimiut,GL,66.94,-53.67,30.04,91,7,3.4,clear sky
395,caohai,CN,26.87,104.28,52.88,98,98,3.42,light rain
396,marsa matruh,EG,31.35,27.25,78.8,69,0,5.82,clear sky
397,henties bay,NA,-22.12,14.28,55.99,90,0,1.99,clear sky
398,ossora,RU,59.24,163.07,39.67,73,99,6.24,overcast clouds
399,baglung,NP,28.27,83.59,65.86,69,6,4.36,clear sky
400,puerto lempira,HN,15.27,-83.77,89.6,70,40,5.82,scattered clouds
401,tulum,MX,20.22,-87.47,84.2,79,75,13.87,broken clouds
402,hudson bay,CA,52.85,-102.38,61.72,45,100,14.27,overcast clouds
403,el cobre,CU,20.05,-75.95,87.8,66,40,12.75,scattered clouds
404,burnie,AU,-41.07,145.92,48.99,82,100,17.0,light rain
405,murgab,TM,37.5,61.97,60.8,48,0,4.7,clear sky
406,jijiga,ET,9.35,42.8,63.01,44,0,8.77,clear sky
407,arbazh,RU,57.68,48.31,35.46,83,0,4.32,clear sky
408,oktyabrskiy,RU,54.48,53.47,38.7,75,0,6.33,clear sky
409,hualmay,PE,-11.1,-77.61,66.99,67,10,9.04,clear sky
410,sola,VU,-13.88,167.55,80.6,78,75,5.82,broken clouds
411,klaksvik,FO,62.23,-6.59,50.0,93,100,8.05,overcast clouds
412,coahuayana,MX,18.73,-103.68,82.4,65,20,4.94,few clouds
413,naters,CH,46.33,7.99,52.0,78,100,8.01,light rain
414,vostok,RU,46.49,135.88,39.56,86,100,4.38,overcast clouds
415,batagay-alyta,RU,67.8,130.41,24.06,88,16,5.21,few clouds
416,fort frances,CA,48.6,-93.4,55.0,34,20,10.29,few clouds
417,hofn,IS,64.25,-15.21,46.85,85,97,0.69,overcast clouds
418,port-gentil,GA,-0.72,8.78,77.0,100,75,6.93,moderate rain
419,council bluffs,US,41.26,-95.86,62.01,51,20,5.82,few clouds
420,dwarka,IN,22.24,68.97,81.64,77,0,10.38,clear sky
421,zalantun,CN,48.0,122.72,37.13,80,50,12.26,scattered clouds
422,oistins,BB,13.07,-59.53,87.8,70,40,12.75,scattered clouds
423,riberalta,BO,-10.98,-66.1,93.2,79,75,5.82,broken clouds
424,zaysan,KZ,47.47,84.87,49.64,48,9,7.38,clear sky
425,ugoofaaru,MV,5.67,73.0,82.31,76,41,13.35,scattered clouds
426,hirado,JP,33.36,129.55,66.99,76,100,16.49,overcast clouds
427,jutai,BR,-5.18,-68.9,92.86,46,91,2.59,overcast clouds
428,corn island,NI,12.17,-83.04,83.52,69,1,4.92,clear sky
429,bilma,NE,18.69,12.92,94.87,12,10,8.84,clear sky
430,nicoya,CR,10.15,-85.45,78.8,94,75,4.7,broken clouds
431,mehamn,NO,71.04,27.85,46.4,87,0,2.24,clear sky
432,ordzhonikidze,KZ,52.44,61.74,36.23,77,0,8.52,clear sky
433,nkowakowa,ZA,-23.89,30.29,73.4,40,64,3.36,broken clouds
434,zhucheng,CN,35.99,119.4,48.96,49,0,7.0,clear sky
435,sao gabriel da cachoeira,BR,-0.13,-67.09,89.24,59,58,2.37,moderate rain
436,barra do corda,BR,-5.5,-45.25,104.58,17,5,6.33,clear sky
437,saint-georges,GD,12.06,-61.75,86.0,74,40,17.22,scattered clouds
438,dabakala,CI,8.37,-4.43,75.79,88,99,0.56,moderate rain
439,mogadishu,SO,2.04,45.34,79.54,83,0,14.58,clear sky
440,the valley,AI,18.22,-63.06,86.0,79,20,13.87,few clouds
441,yevsino,RU,54.42,83.32,42.19,93,100,10.89,light rain
442,mastung,PK,29.8,66.84,60.62,27,0,2.98,clear sky
443,manzhouli,CN,49.6,117.43,31.69,92,0,7.34,clear sky
444,juneau,US,58.3,-134.42,50.0,87,90,18.34,fog
445,ancud,CL,-41.87,-73.82,53.6,62,75,8.05,broken clouds
446,atambua,ID,-9.11,124.89,69.73,78,100,3.96,overcast clouds
447,lucea,JM,18.45,-78.17,89.6,66,20,25.28,few clouds
448,palmer,US,42.16,-72.33,66.99,34,40,5.82,scattered clouds
449,cukai,MY,4.25,103.42,75.2,94,100,3.27,overcast clouds
450,boa vista,BR,2.82,-60.67,93.2,44,75,9.17,broken clouds
451,champerico,GT,14.3,-91.92,86.0,62,75,4.7,broken clouds
452,port lincoln,AU,-34.73,135.87,50.25,72,6,13.42,clear sky
453,santa cruz,BO,-17.8,-63.17,91.4,33,1,5.82,clear sky
454,umm lajj,SA,25.02,37.27,83.17,66,0,9.42,clear sky
455,timmins,CA,48.47,-81.33,44.6,52,75,5.82,broken clouds
456,kosa,RU,59.94,55.0,30.6,96,84,3.58,broken clouds
457,lafia,NG,8.48,8.52,79.27,85,99,3.74,light rain
458,pringsewu,ID,-5.36,104.97,74.43,93,100,4.34,overcast clouds
459,tabou,CI,4.42,-7.35,77.81,82,33,9.08,scattered clouds
460,acapulco,MX,16.86,-99.89,87.8,70,40,6.93,scattered clouds
461,baherden,TM,38.44,57.43,61.74,29,0,5.01,clear sky
462,qasigiannguit,GL,68.82,-51.19,30.2,54,0,3.98,clear sky
463,alyangula,AU,-13.85,136.42,73.4,94,0,8.99,clear sky
464,polson,US,47.69,-114.16,66.0,52,0,3.62,clear sky
465,dukat,RU,62.55,155.55,28.56,96,90,4.16,overcast clouds
466,umri,IN,26.51,78.94,78.08,32,0,2.71,clear sky
467,birao,CF,10.28,22.79,75.76,79,24,1.14,few clouds
468,sauk rapids,US,45.59,-94.17,54.0,43,20,6.93,few clouds
469,ventspils,LV,57.39,21.56,66.2,72,85,12.75,overcast clouds
470,thinadhoo,MV,0.53,72.93,83.21,70,84,6.82,broken clouds
471,kutum,SD,14.2,24.67,80.42,44,28,4.83,scattered clouds
472,north miami,US,25.89,-80.19,89.01,62,75,12.75,broken clouds
473,a coruna,ES,43.37,-8.4,57.2,82,40,8.05,scattered clouds
474,chernyshevskiy,RU,63.01,112.47,36.73,96,100,8.72,overcast clouds
475,wilmington,US,34.23,-77.94,62.6,82,90,6.93,overcast clouds
476,shahr-e babak,IR,30.12,55.12,64.65,27,0,9.6,clear sky
477,hoyvik,FO,62.03,-6.78,50.0,93,100,8.05,overcast clouds
478,panaba,MX,21.28,-88.27,83.25,82,100,19.39,light rain
479,lewistown,US,40.6,-77.57,62.6,48,20,5.82,few clouds
480,las varas,MX,21.17,-105.17,89.01,45,5,6.93,clear sky
481,teguldet,RU,57.31,88.17,44.13,87,100,4.79,light rain
482,acarau,BR,-2.89,-40.12,83.89,65,0,20.74,clear sky
483,sandviken,SE,60.62,16.77,54.0,98,100,12.08,overcast clouds
484,westport,US,41.14,-73.36,66.99,42,1,9.17,clear sky
485,cayenne,GF,4.93,-52.33,89.6,59,75,11.41,broken clouds
486,wanlaweyn,SO,2.62,44.89,80.28,72,50,16.15,scattered clouds
487,kolpashevo,RU,58.31,82.91,29.82,98,53,6.22,broken clouds
488,antsohihy,MG,-14.88,47.99,74.1,91,86,1.77,overcast clouds
489,pisco,PE,-13.7,-76.22,64.4,77,3,8.05,clear sky
490,isnos,CO,1.94,-76.24,71.85,52,44,2.64,scattered clouds
491,miandrivazo,MG,-19.52,45.47,78.96,59,1,4.36,clear sky
492,borogontsy,RU,62.67,131.17,26.29,94,64,3.83,broken clouds
493,waterloo,CA,43.47,-80.52,48.99,100,90,6.93,overcast clouds
494,mount gambier,AU,-37.83,140.77,44.6,100,75,2.24,broken clouds
495,nabire,ID,-3.37,135.48,75.29,85,100,3.49,overcast clouds
496,cuauhtemoc,MX,28.42,-106.87,78.01,19,0,3.0,clear sky
497,upernavik,GL,72.79,-56.15,25.95,87,90,3.87,overcast clouds
498,neiafu,TO,-18.65,-173.98,77.0,83,75,14.99,broken clouds
499,agadir,MA,30.42,-9.6,68.0,68,0,8.05,clear sky
500,russell,US,32.35,-85.2,73.4,46,1,8.05,clear sky
501,jacareacanga,BR,-6.22,-57.75,99.34,33,88,2.35,overcast clouds
502,chimbarongo,CL,-34.7,-71.05,62.6,45,0,10.29,clear sky
503,chokwe,MZ,-24.53,32.98,76.32,76,2,10.54,clear sky
504,saint-pierre,RE,-21.34,55.48,73.4,73,75,11.41,broken clouds
505,olinda,BR,-8.01,-34.86,82.4,65,40,12.75,scattered clouds
506,puerto maldonado,PE,-12.6,-69.18,95.0,44,97,3.36,overcast clouds
507,kungurtug,RU,50.6,97.52,26.02,90,0,0.87,clear sky
508,chadan,RU,51.28,91.58,34.9,81,73,2.42,broken clouds
509,takoradi,GH,4.88,-1.76,76.86,87,89,7.85,overcast clouds
510,oksfjord,NO,70.24,22.35,51.8,71,0,14.99,clear sky
511,carberry,CA,49.87,-99.36,59.0,44,75,17.22,broken clouds
512,ulaangom,MN,49.98,92.07,33.19,89,0,1.43,clear sky
513,dhidhdhoo,MV,6.88,73.1,81.95,74,48,12.3,scattered clouds
514,walvis bay,NA,-22.96,14.51,59.0,77,1,3.36,clear sky
515,tagusao,PH,9.19,117.81,80.76,81,100,7.94,overcast clouds
516,shache,CN,38.42,77.24,53.11,39,100,5.03,overcast clouds
517,bonavista,CA,48.65,-53.11,48.99,81,93,3.0,overcast clouds
518,jalingo,NG,8.88,11.37,77.7,85,100,2.73,light rain
519,mbuyapey,PY,-26.2,-56.75,90.37,38,100,6.98,overcast clouds
520,glendive,US,47.11,-104.71,66.2,34,1,8.05,clear sky
521,berlevag,NO,70.86,29.09,42.8,93,40,10.29,scattered clouds
522,vardo,NO,70.37,31.11,42.8,87,0,20.8,clear sky
523,arlit,NE,18.74,7.39,100.2,16,4,8.14,clear sky
524,dingle,PH,11.0,122.67,76.55,90,99,1.68,overcast clouds
525,amapa,BR,1.0,-52.0,94.06,37,95,2.98,overcast clouds
526,payo,ID,-3.75,103.64,74.55,83,100,1.74,overcast clouds
527,puerto cabezas,NI,14.04,-83.39,89.6,66,75,4.7,haze
528,magadan,RU,59.57,150.8,40.93,78,100,8.81,overcast clouds
529,abashiri,JP,44.02,144.27,55.99,82,100,1.01,moderate rain
530,mandalgovi,MN,45.76,106.27,26.2,72,0,4.43,clear sky
531,muyezerskiy,RU,63.93,31.65,45.82,94,100,6.91,overcast clouds
532,dubai,AE,25.26,55.3,91.4,70,0,6.93,clear sky
533,raudeberg,NO,61.99,5.14,62.01,67,100,7.2,light rain
534,puerto carreno,CO,6.19,-67.49,91.54,55,8,2.77,light rain
535,waddan,LY,29.16,16.14,90.82,12,13,16.37,few clouds
536,pizarro,CO,4.95,-77.37,76.48,91,98,9.04,light rain
537,escarcega,MX,18.61,-90.75,84.18,54,12,10.31,few clouds
538,caravelas,BR,-17.71,-39.25,81.0,60,0,6.78,clear sky
539,sidney,AU,-33.87,151.21,64.99,88,0,6.93,clear sky
540,luwuk,ID,-0.95,122.79,77.07,76,100,5.66,overcast clouds
541,kilis,TR,36.72,37.12,68.0,34,0,4.63,clear sky
542,gwadar,PK,25.12,62.33,84.16,60,0,6.29,clear sky
543,atar,MR,20.52,-13.05,81.61,56,100,4.79,light rain
544,yeppoon,AU,-23.13,150.73,62.6,88,33,4.7,scattered clouds
545,tadine,NC,-21.55,167.88,68.67,83,29,10.56,scattered clouds
546,carmo do paranaiba,BR,-19.0,-46.32,96.01,23,42,5.01,scattered clouds
547,tongchuan,CN,35.08,109.09,51.42,41,100,4.23,light rain
548,astara,AZ,38.5,48.67,64.4,88,90,1.36,light rain
549,yangambi,CD,0.81,24.43,72.28,84,1,1.7,light rain
550,sungairaya,ID,0.7,108.9,76.64,88,100,3.36,moderate rain
551,mahanoro,MG,-19.9,48.8,71.22,91,99,1.92,moderate rain
552,la palma,US,33.85,-118.05,88.0,37,1,3.36,haze
553,kollam,IN,8.88,76.6,80.6,88,20,5.82,mist
554,rawson,AR,-43.3,-65.1,61.2,32,100,20.22,overcast clouds
555,trapani,IT,37.83,12.67,77.0,77,0,3.36,clear sky
556,kangundo,KE,-1.3,37.35,66.29,53,62,11.25,broken clouds
557,novobelokatay,RU,55.71,58.95,33.01,88,0,0.69,clear sky
558,vic,ES,41.93,2.25,63.0,68,81,3.96,broken clouds
559,kushmurun,KZ,52.45,64.63,38.01,72,0,10.89,clear sky
560,key west,US,24.56,-81.78,89.6,70,20,16.11,few clouds
561,kemin,KG,42.78,75.69,47.77,51,0,2.24,clear sky
562,bam,IR,29.11,58.36,73.94,20,0,7.47,clear sky
563,dhuburi,IN,26.03,89.97,81.14,80,100,1.34,overcast clouds
564,conde,BR,-7.26,-34.91,84.2,62,20,12.75,few clouds
565,abnub,EG,27.27,31.15,80.6,47,0,13.87,clear sky
566,miles city,US,46.41,-105.84,64.4,31,1,4.7,clear sky
567,victoria point,AU,-27.58,153.3,66.99,64,81,1.01,broken clouds
568,pasco,US,28.29,-82.42,75.99,94,100,3.0,overcast clouds
569,solaro,IT,44.88,9.17,55.99,76,100,5.91,overcast clouds
570,gold coast,AU,-28.0,153.43,69.8,56,90,9.17,overcast clouds
571,bunia,CD,1.57,30.25,64.44,79,26,3.04,scattered clouds
572,erzin,TR,36.96,36.2,79.0,64,16,3.87,few clouds
573,freeport,US,40.66,-73.58,69.01,45,75,11.41,broken clouds
574,raga,SS,8.46,25.68,71.89,84,20,0.87,few clouds
575,daru,PG,-9.08,143.21,77.27,88,61,17.4,light rain
576,coolum beach,AU,-26.53,153.1,62.01,89,1,7.43,clear sky
577,hirara,JP,24.8,125.28,80.02,80,70,18.25,broken clouds
578,kurumkan,RU,54.3,110.3,30.2,88,0,0.47,clear sky
579,thaba-tseka,LS,-29.52,28.61,49.26,41,0,3.8,clear sky
580,whitehorse,CA,60.72,-135.05,41.0,75,90,13.87,overcast clouds
581,corner brook,CA,48.97,-57.95,55.4,58,75,12.75,broken clouds
582,katherine,AU,-14.47,132.27,82.4,61,90,11.41,overcast clouds
583,berbera,SO,10.44,45.01,85.15,56,0,2.55,clear sky
584,arman,RU,59.7,150.17,41.18,80,100,7.07,overcast clouds
585,velenje,SI,46.36,15.11,55.0,87,0,3.29,clear sky
586,khasan,RU,42.43,130.64,49.44,71,0,17.52,clear sky
587,voznesenye,RU,61.01,35.48,54.14,78,100,13.11,overcast clouds
588,itarema,BR,-2.92,-39.92,83.01,68,0,19.1,clear sky
589,hit,IQ,33.64,42.83,81.36,27,0,9.46,clear sky
590,salalah,OM,17.02,54.09,77.0,94,40,3.36,scattered clouds
591,chaozhou,CN,23.67,116.64,80.6,83,20,6.71,few clouds
592,hamilton,US,39.18,-84.53,64.4,52,90,12.75,light rain
593,tabora,TZ,-5.02,32.8,78.8,29,2,8.88,clear sky
594,tomigusuku,JP,26.18,127.67,78.8,78,20,6.93,few clouds
595,pitimbu,BR,-7.47,-34.81,84.2,62,20,12.75,few clouds
596,dauphin,CA,51.15,-100.05,55.4,58,75,13.87,broken clouds
597,makaha,US,21.47,-158.22,80.6,73,75,4.76,broken clouds
598,eberswalde,DE,52.83,13.82,55.0,66,0,6.11,clear sky
599,coruripe,BR,-10.13,-36.18,79.16,74,100,11.9,overcast clouds
600,kimbe,PG,-5.55,150.14,75.51,87,29,4.99,scattered clouds
601,yacuiba,BO,-22.04,-63.68,83.43,27,0,9.35,clear sky
602,mosonmagyarovar,HU,47.87,17.27,62.01,73,0,1.01,clear sky
603,rosendal,NO,59.99,6.01,57.0,78,100,3.0,light rain
604,nizhnevartovsk,RU,60.93,76.55,32.0,97,40,8.95,light snow
605,waw,SS,7.7,28.0,74.75,76,0,1.92,clear sky
606,araouane,ML,18.9,-3.53,87.26,46,100,15.75,light rain
607,chokurdakh,RU,70.63,147.92,27.36,93,99,9.08,overcast clouds
608,praia,CV,14.92,-23.51,80.6,65,40,17.22,scattered clouds
609,valle de allende,MX,26.93,-105.4,77.38,21,0,12.12,clear sky
610,misawa,JP,40.68,141.36,60.8,100,75,1.12,light intensity shower rain
611,algiers,DZ,36.75,3.04,69.8,64,40,12.75,scattered clouds
612,mnogovershinnyy,RU,53.94,139.92,41.65,98,100,11.81,moderate rain
613,bikaner,IN,28.02,73.3,85.68,14,0,6.24,clear sky
614,kalmunai,LK,7.42,81.82,78.85,69,0,5.35,clear sky
615,nador,MA,35.17,-2.93,69.8,56,100,9.17,overcast clouds
616,teya,RU,60.38,92.63,43.56,86,100,7.49,light rain
617,seydi,TM,39.48,62.91,58.01,33,0,11.23,clear sky
618,pandan,PH,14.05,124.17,80.01,80,14,2.71,few clouds
619,santa rosa,PH,14.31,121.11,81.0,88,20,3.36,few clouds
620,constitucion,CL,-35.33,-72.42,56.5,51,0,17.27,clear sky
621,beroroha,MG,-21.67,45.17,75.54,61,33,4.16,scattered clouds
622,port blair,IN,11.67,92.75,80.35,84,100,10.51,light rain
623,huichapan,MX,20.38,-99.65,71.6,30,40,11.41,scattered clouds
624,amuntai,ID,-2.42,115.25,75.13,87,100,1.19,overcast clouds
625,sesheke,ZM,-17.48,24.3,82.4,26,85,1.12,overcast clouds
626,angoche,MZ,-16.23,39.91,75.07,88,0,5.46,clear sky
627,hof,DE,50.32,11.92,50.0,73,0,5.01,clear sky
628,sao joao da barra,BR,-21.64,-41.05,78.8,74,75,13.87,broken clouds
629,bogovina,RS,43.9,21.94,77.0,53,0,4.7,clear sky
630,kota kinabalu,MY,5.97,116.07,75.2,94,40,10.29,moderate rain
631,port hueneme,US,34.15,-119.2,81.0,50,1,5.06,haze
632,pucara,PE,-15.98,-71.46,66.2,20,75,10.29,broken clouds
633,agirish,RU,61.92,63.02,31.98,92,100,5.57,overcast clouds
634,matamoros,MX,25.53,-103.25,80.6,26,5,7.11,clear sky
635,stawell,AU,-37.05,142.77,45.46,94,100,19.19,light rain
636,guanica,PR,17.97,-66.91,84.0,73,100,1.01,overcast clouds
637,hastings,GB,50.86,0.57,52.0,96,100,4.0,light rain
638,dawlatabad,AF,36.41,64.91,55.17,37,0,1.59,clear sky
639,anito,PH,12.45,125.29,77.95,87,100,2.95,light rain
640,rocha,UY,-34.48,-54.33,57.78,64,47,15.82,scattered clouds
641,jacqueville,CI,5.21,-4.41,80.6,83,40,10.29,scattered clouds
642,pyapon,MM,16.28,95.68,76.78,91,100,2.66,light rain
643,kupino,RU,54.37,77.3,35.02,84,91,10.71,overcast clouds
644,lumeje,AO,-11.55,20.78,80.55,21,0,2.33,clear sky
645,pergamino,AR,-33.89,-60.57,49.33,92,100,3.89,overcast clouds
646,contamana,PE,-7.33,-75.02,98.51,32,36,2.82,scattered clouds
647,khor,RU,47.89,134.95,45.37,82,100,16.75,moderate rain
648,puerto escondido,MX,15.85,-97.07,86.0,70,40,5.82,scattered clouds
649,amahai,ID,-3.33,128.92,76.93,86,98,1.48,overcast clouds
650,yerbogachen,RU,61.28,108.01,38.43,93,100,7.29,overcast clouds
651,sarankhola,BD,22.31,89.79,78.8,93,57,1.7,broken clouds
652,hobyo,SO,5.35,48.53,79.45,83,5,15.55,clear sky
653,strezhevoy,RU,60.73,77.59,32.0,98,40,8.95,light snow
654,pundaguitan,PH,6.37,126.17,83.97,76,59,9.44,light rain
655,jasper,US,37.2,-94.35,64.4,39,1,5.82,clear sky
656,toora-khem,RU,52.47,96.11,26.76,93,0,1.23,clear sky
657,peace river,CA,56.25,-117.29,60.8,38,75,17.22,broken clouds
658,abu kamal,SY,34.45,40.92,78.04,25,0,8.95,clear sky
659,dzaoudzi,YT,-12.79,45.27,78.8,78,25,6.93,scattered clouds
660,khandyga,RU,62.67,135.6,25.11,93,0,2.26,clear sky
661,haines junction,CA,60.75,-137.51,42.28,72,100,3.02,overcast clouds
662,biak,ID,-0.91,122.88,76.69,80,99,7.09,overcast clouds
663,kaka,TM,37.35,59.61,55.51,36,0,3.0,clear sky
664,kamien pomorski,PL,53.97,14.77,57.0,81,41,6.93,scattered clouds
665,nacozari,MX,25.34,-108.26,96.01,53,0,3.0,clear sky
666,biltine,TD,14.53,20.92,84.16,56,67,14.5,broken clouds
667,kloulklubed,PW,7.04,134.26,82.4,83,75,8.05,broken clouds
668,effingham,US,32.37,-81.33,75.2,50,75,10.29,broken clouds
669,lambarene,GA,-0.7,10.24,75.52,94,100,8.48,moderate rain
670,djibo,BF,14.1,-1.63,91.76,37,64,12.24,broken clouds
671,marawi,PH,8.0,124.29,77.0,87,98,5.01,overcast clouds
672,ville-marie,CA,47.33,-79.43,44.6,65,90,1.72,overcast clouds
673,kavieng,PG,-2.57,150.8,83.01,79,46,14.94,scattered clouds
674,los llanos de aridane,ES,28.66,-17.92,71.6,88,75,10.29,drizzle
675,pula,HR,44.87,13.85,62.6,82,75,6.93,broken clouds
676,maldonado,UY,-34.67,-54.92,62.6,48,75,19.46,broken clouds
677,ewo,CG,-0.87,14.82,73.8,87,100,5.44,overcast clouds
678,valentin gomez farias,MX,28.22,-106.58,78.44,19,0,11.41,clear sky
679,rudbar,AF,30.15,62.6,70.81,23,0,10.56,clear sky
680,vila velha,BR,-20.33,-40.29,81.0,78,20,12.75,few clouds
681,korla,CN,41.76,86.15,48.99,90,48,3.0,scattered clouds
682,balikpapan,ID,-1.27,116.83,78.28,88,100,8.86,overcast clouds
683,umm kaddadah,SD,13.6,26.69,84.97,38,100,6.44,overcast clouds
684,tinalmud,PH,13.59,122.88,79.57,82,88,3.85,overcast clouds
685,caiaponia,BR,-16.96,-51.81,103.51,10,83,9.46,broken clouds
686,mashhad,IR,36.3,59.61,60.8,21,0,9.17,clear sky
687,olafsvik,IS,64.89,-23.71,43.38,81,99,10.96,overcast clouds
688,san ramon de la nueva oran,AR,-23.13,-64.33,75.99,36,0,1.99,clear sky
689,inirida,CO,3.87,-67.92,88.41,64,94,1.61,light rain
690,tual,ID,-5.67,132.75,79.48,77,100,3.42,overcast clouds
691,carauari,BR,-4.88,-66.9,95.43,41,93,1.9,overcast clouds
692,uruguaiana,BR,-29.75,-57.09,66.2,72,90,5.82,overcast clouds
693,gay,RU,51.47,58.46,44.6,45,85,15.66,overcast clouds
694,lixourion,GR,38.2,20.43,78.8,88,40,6.93,scattered clouds
695,dengfeng,CN,34.46,113.03,60.01,99,100,2.1,light rain
696,hefei,CN,31.86,117.28,51.8,71,0,4.47,light rain
697,casas grandes,MX,30.37,-107.95,82.0,16,0,5.99,clear sky
698,tarazona,ES,41.9,-1.73,55.4,87,20,4.09,few clouds
699,sembe,CG,1.65,14.58,72.81,92,9,2.3,moderate rain
700,shingu,JP,33.73,135.98,68.16,87,89,4.65,overcast clouds
701,moquegua,PE,-17.2,-70.94,81.07,16,17,10.42,few clouds
702,muisne,EC,0.6,-80.03,82.4,78,75,11.41,broken clouds
703,beeville,US,28.4,-97.75,86.0,48,0,5.01,clear sky
704,torbat-e jam,IR,35.24,60.62,55.33,36,0,6.85,clear sky
